{"cameraMode":{"drawMode":0,"name":"Shaded","section":"Shading Mode"},"sceneLighting":true,"audioPlay":false,"sceneViewState":{"m_AlwaysRefresh":false,"showFog":true,"showSkybox":true,"showFlares":true,"showImageEffects":true,"showParticleSystems":true,"showVisualEffectGraphs":true,"m_FxEnabled":true},"in2DMode":false,"pivot":{"x":-0.9224728345870972,"y":0.9172899723052979,"z":1.19244384765625},"rotation":{"x":0.02068873681128025,"y":-0.003901940770447254,"z":-0.00008064555731834844,"w":-0.9997789859771729},"size":9.313437461853028,"orthographic":false}