{"cameraMode":{"drawMode":0,"name":"Shaded","section":"Shading Mode"},"sceneLighting":true,"audioPlay":false,"sceneViewState":{"m_AlwaysRefresh":false,"showFog":true,"showSkybox":true,"showFlares":true,"showImageEffects":true,"showParticleSystems":true,"showVisualEffectGraphs":true,"m_FxEnabled":true},"in2DMode":false,"pivot":{"x":3.681110382080078,"y":1.3199907541275025,"z":65.21223449707031},"rotation":{"x":-0.06244804710149765,"y":-0.38706284761428835,"z":0.026298658922314645,"w":-0.9195950627326965},"size":11.190996170043946,"orthographic":false}