{"cameraMode":{"drawMode":0,"name":"Shaded","section":"Shading Mode"},"sceneLighting":false,"audioPlay":false,"sceneViewState":{"m_AlwaysRefresh":false,"showFog":true,"showSkybox":false,"showFlares":true,"showImageEffects":true,"showParticleSystems":true,"showVisualEffectGraphs":true,"m_FxEnabled":true},"in2DMode":false,"pivot":{"x":-1.210719347000122e-8,"y":0.04322812706232071,"z":0.07738222926855087},"rotation":{"x":-0.03811144456267357,"y":0.35674968361854555,"z":-0.0145631805062294,"w":-0.9333255290985107},"size":0.13594023883342744,"orthographic":false}