{"cameraMode":{"drawMode":0,"name":"Shaded","section":"Shading Mode"},"sceneLighting":true,"audioPlay":false,"sceneViewState":{"m_AlwaysRefresh":false,"showFog":true,"showSkybox":true,"showFlares":true,"showImageEffects":true,"showParticleSystems":true,"showVisualEffectGraphs":true,"m_FxEnabled":true},"in2DMode":false,"pivot":{"x":9.632556915283204,"y":2.3406248092651369,"z":-3.2836732864379885},"rotation":{"x":0.020618734881281854,"y":0.9594649076461792,"z":-0.07287853211164475,"w":0.27154386043548586},"size":6.9675517082214359,"orthographic":false}