{"cameraMode":{"drawMode":0,"name":"Shaded","section":"Shading Mode"},"sceneLighting":true,"audioPlay":false,"sceneViewState":{"m_AlwaysRefresh":false,"showFog":true,"showSkybox":true,"showFlares":true,"showImageEffects":true,"showParticleSystems":true,"showVisualEffectGraphs":true,"m_FxEnabled":true},"in2DMode":false,"pivot":{"x":5.099999904632568,"y":2.0199999809265138,"z":-0.38999998569488528},"rotation":{"x":0.0036246448289602997,"y":0.9851588606834412,"z":-0.1704379767179489,"w":0.020990289747714998},"size":0.3464100658893585,"orthographic":false}