{"cameraMode":{"drawMode":0,"name":"Shaded","section":"Shading Mode"},"sceneLighting":false,"audioPlay":false,"sceneViewState":{"m_AlwaysRefresh":false,"showFog":true,"showSkybox":false,"showFlares":true,"showImageEffects":true,"showParticleSystems":true,"showVisualEffectGraphs":true,"m_FxEnabled":true},"in2DMode":false,"pivot":{"x":-0.0004357192665338516,"y":-0.00038243900053203106,"z":0.002836131490767002},"rotation":{"x":-0.12864337861537934,"y":0.5325599312782288,"z":-0.08229122310876847,"w":-0.8325179815292358},"size":0.30533868074417117,"orthographic":false}