{"cameraMode":{"drawMode":0,"name":"Shaded","section":"Shading Mode"},"sceneLighting":true,"audioPlay":false,"sceneViewState":{"showFog":true,"showMaterialUpdate":false,"showSkybox":true,"showFlares":true,"showImageEffects":true,"showParticleSystems":true},"in2DMode":false,"pivot":{"x":-4.406675338745117,"y":-7.003453254699707,"z":-1.8665187358856202},"rotation":{"x":0.19950026273727418,"y":-0.737345814704895,"z":0.2466506063938141,"w":0.596392810344696},"size":25.920137405395509,"orthographic":false}