{"cameraMode":{"drawMode":0,"name":"Shaded","section":"Shading Mode"},"sceneLighting":false,"audioPlay":false,"sceneViewState":{"showFog":true,"showMaterialUpdate":false,"showSkybox":false,"showFlares":true,"showImageEffects":true,"showParticleSystems":true},"in2DMode":false,"pivot":{"x":0.0005345344543457031,"y":0.8997743725776672,"z":0.02398163080215454},"rotation":{"x":0.1792876273393631,"y":-0.8141876459121704,"z":0.3292737603187561,"w":0.44332069158554079},"size":4.383890151977539,"orthographic":false}