{"cameraMode":{"drawMode":0,"name":"Shaded","section":"Shading Mode"},"sceneLighting":true,"audioPlay":false,"sceneViewState":{"showFog":true,"showMaterialUpdate":false,"showSkybox":true,"showFlares":true,"showImageEffects":true,"showParticleSystems":true},"in2DMode":false,"pivot":{"x":-12.161108016967774,"y":9.206911087036133,"z":-4.556586265563965},"rotation":{"x":0.3056671917438507,"y":0.4313332438468933,"z":-0.15808998048305512,"w":0.8339824676513672},"size":25.45405387878418,"orthographic":false}