{"cameraMode":{"drawMode":0,"name":"Shaded","section":"Shading Mode"},"sceneLighting":true,"audioPlay":false,"sceneViewState":{"showFog":true,"showMaterialUpdate":false,"showSkybox":true,"showFlares":true,"showImageEffects":true,"showParticleSystems":true},"in2DMode":false,"pivot":{"x":-25.29206657409668,"y":3.168750286102295,"z":4.417171478271484},"rotation":{"x":-0.21255351603031159,"y":0.07378994673490524,"z":-0.01609889604151249,"w":-0.9742262959480286},"size":12.325718879699707,"orthographic":false}